file,line,type,commit,author,date,time,timezone,datetime,depth,length
style.css,1,css,52acb22b,clairewowo,2025-01-24,22:59:33,-08:00,2025-01-24T22:59:33-08:00,0,5
style.css,2,css,52acb22b,clairewowo,2025-01-24,22:59:33,-08:00,2025-01-24T22:59:33-08:00,0,23
style.css,3,css,52acb22b,clairewowo,2025-01-24,22:59:33,-08:00,2025-01-24T22:59:33-08:00,0,0
style.css,4,css,52acb22b,clairewowo,2025-01-24,22:59:33,-08:00,2025-01-24T22:59:33-08:00,0,0
style.css,5,css,a6f4e935,clairewowo,2025-01-09,18:17:24,-08:00,2025-01-09T18:17:24-08:00,0,5
style.css,6,css,a6f4e935,clairewowo,2025-01-09,18:17:24,-08:00,2025-01-09T18:17:24-08:00,0,44
style.css,7,css,a6f4e935,clairewowo,2025-01-09,18:17:24,-08:00,2025-01-09T18:17:24-08:00,0,43
style.css,8,css,a6f4e935,clairewowo,2025-01-09,18:17:24,-08:00,2025-01-09T18:17:24-08:00,0,1
style.css,9,css,34f31eb7,clairewowo,2025-02-08,12:01:39,-08:00,2025-02-08T12:01:39-08:00,0,24
style.css,10,css,34f31eb7,clairewowo,2025-02-08,12:01:39,-08:00,2025-02-08T12:01:39-08:00,0,15
style.css,11,css,34f31eb7,clairewowo,2025-02-08,12:01:39,-08:00,2025-02-08T12:01:39-08:00,0,17
style.css,12,css,34f31eb7,clairewowo,2025-02-08,12:01:39,-08:00,2025-02-08T12:01:39-08:00,0,18
style.css,13,css,34f31eb7,clairewowo,2025-02-08,12:01:39,-08:00,2025-02-08T12:01:39-08:00,0,19
style.css,14,css,34f31eb7,clairewowo,2025-02-08,12:01:39,-08:00,2025-02-08T12:01:39-08:00,0,19
style.css,15,css,34f31eb7,clairewowo,2025-02-08,12:01:39,-08:00,2025-02-08T12:01:39-08:00,0,12
style.css,16,css,34f31eb7,clairewowo,2025-02-08,12:01:39,-08:00,2025-02-08T12:01:39-08:00,0,0
style.css,17,css,c90e7a7b,clairewowo,2025-01-17,14:40:03,-08:00,2025-01-17T14:40:03-08:00,0,6
style.css,18,css,34f31eb7,clairewowo,2025-02-08,12:01:39,-08:00,2025-02-08T12:01:39-08:00,0,34
style.css,19,css,34f31eb7,clairewowo,2025-02-08,12:01:39,-08:00,2025-02-08T12:01:39-08:00,0,27
style.css,20,css,c90e7a7b,clairewowo,2025-01-17,14:40:03,-08:00,2025-01-17T14:40:03-08:00,0,0
style.css,21,css,c90e7a7b,clairewowo,2025-01-17,14:40:03,-08:00,2025-01-17T14:40:03-08:00,0,0
style.css,22,css,c90e7a7b,clairewowo,2025-01-17,14:40:03,-08:00,2025-01-17T14:40:03-08:00,0,3
style.css,23,css,34f31eb7,clairewowo,2025-02-08,12:01:39,-08:00,2025-02-08T12:01:39-08:00,0,17
style.css,24,css,c90e7a7b,clairewowo,2025-01-17,14:40:03,-08:00,2025-01-17T14:40:03-08:00,0,0
style.css,25,css,c90e7a7b,clairewowo,2025-01-17,14:40:03,-08:00,2025-01-17T14:40:03-08:00,0,3
style.css,26,css,34f31eb7,clairewowo,2025-02-08,12:01:39,-08:00,2025-02-08T12:01:39-08:00,0,17
style.css,27,css,34f31eb7,clairewowo,2025-02-08,12:01:39,-08:00,2025-02-08T12:01:39-08:00,0,0
style.css,28,css,52acb22b,clairewowo,2025-01-24,22:59:33,-08:00,2025-01-24T22:59:33-08:00,0,0
style.css,29,css,52acb22b,clairewowo,2025-01-24,22:59:33,-08:00,2025-01-24T22:59:33-08:00,0,14
style.css,30,css,52acb22b,clairewowo,2025-01-24,22:59:33,-08:00,2025-01-24T22:59:33-08:00,0,18
style.css,31,css,52acb22b,clairewowo,2025-01-24,22:59:33,-08:00,2025-01-24T22:59:33-08:00,0,9
style.css,32,css,52acb22b,clairewowo,2025-01-24,22:59:33,-08:00,2025-01-24T22:59:33-08:00,0,11
style.css,33,css,52acb22b,clairewowo,2025-01-24,22:59:33,-08:00,2025-01-24T22:59:33-08:00,0,0
style.css,34,css,c90e7a7b,clairewowo,2025-01-17,14:40:03,-08:00,2025-01-17T14:40:03-08:00,0,0
style.css,35,css,c90e7a7b,clairewowo,2025-01-17,14:40:03,-08:00,2025-01-17T14:40:03-08:00,0,4
style.css,36,css,c90e7a7b,clairewowo,2025-01-17,14:40:03,-08:00,2025-01-17T14:40:03-08:00,0,12
style.css,37,css,c90e7a7b,clairewowo,2025-01-17,14:40:03,-08:00,2025-01-17T14:40:03-08:00,0,24
style.css,38,css,52acb22b,clairewowo,2025-01-24,22:59:33,-08:00,2025-01-24T22:59:33-08:00,0,40
style.css,39,css,52acb22b,clairewowo,2025-01-24,22:59:33,-08:00,2025-01-24T22:59:33-08:00,0,40
style.css,40,css,c90e7a7b,clairewowo,2025-01-17,14:40:03,-08:00,2025-01-17T14:40:03-08:00,0,26
style.css,41,css,c90e7a7b,clairewowo,2025-01-17,14:40:03,-08:00,2025-01-17T14:40:03-08:00,0,18
style.css,42,css,c90e7a7b,clairewowo,2025-01-17,14:40:03,-08:00,2025-01-17T14:40:03-08:00,0,0
style.css,43,css,c90e7a7b,clairewowo,2025-01-17,14:40:03,-08:00,2025-01-17T14:40:03-08:00,0,0
style.css,44,css,c90e7a7b,clairewowo,2025-01-17,14:40:03,-08:00,2025-01-17T14:40:03-08:00,0,6
style.css,45,css,c90e7a7b,clairewowo,2025-01-17,14:40:03,-08:00,2025-01-17T14:40:03-08:00,0,7
style.css,46,css,c90e7a7b,clairewowo,2025-01-17,14:40:03,-08:00,2025-01-17T14:40:03-08:00,0,21
style.css,47,css,c90e7a7b,clairewowo,2025-01-17,14:40:03,-08:00,2025-01-17T14:40:03-08:00,0,14
style.css,48,css,c90e7a7b,clairewowo,2025-01-17,14:40:03,-08:00,2025-01-17T14:40:03-08:00,0,18
style.css,49,css,c90e7a7b,clairewowo,2025-01-17,14:40:03,-08:00,2025-01-17T14:40:03-08:00,0,14
style.css,50,css,c90e7a7b,clairewowo,2025-01-17,14:40:03,-08:00,2025-01-17T14:40:03-08:00,0,0
style.css,51,css,c90e7a7b,clairewowo,2025-01-17,14:40:03,-08:00,2025-01-17T14:40:03-08:00,0,0
style.css,52,css,c90e7a7b,clairewowo,2025-01-17,14:40:03,-08:00,2025-01-17T14:40:03-08:00,0,12
style.css,53,css,c90e7a7b,clairewowo,2025-01-17,14:40:03,-08:00,2025-01-17T14:40:03-08:00,0,46
style.css,54,css,52acb22b,clairewowo,2025-01-24,22:59:33,-08:00,2025-01-24T22:59:33-08:00,0,70
style.css,55,css,c90e7a7b,clairewowo,2025-01-17,14:40:03,-08:00,2025-01-17T14:40:03-08:00,0,21
style.css,56,css,c90e7a7b,clairewowo,2025-01-17,14:40:03,-08:00,2025-01-17T14:40:03-08:00,0,0
style.css,57,css,c90e7a7b,clairewowo,2025-01-17,14:40:03,-08:00,2025-01-17T14:40:03-08:00,0,0
style.css,58,css,c90e7a7b,clairewowo,2025-01-17,14:40:03,-08:00,2025-01-17T14:40:03-08:00,0,9
style.css,59,css,52acb22b,clairewowo,2025-01-24,22:59:33,-08:00,2025-01-24T22:59:33-08:00,0,45
style.css,60,css,c90e7a7b,clairewowo,2025-01-17,14:40:03,-08:00,2025-01-17T14:40:03-08:00,0,0
style.css,61,css,c90e7a7b,clairewowo,2025-01-17,14:40:03,-08:00,2025-01-17T14:40:03-08:00,0,0
style.css,62,css,c90e7a7b,clairewowo,2025-01-17,14:40:03,-08:00,2025-01-17T14:40:03-08:00,0,0
style.css,63,css,c90e7a7b,clairewowo,2025-01-17,14:40:03,-08:00,2025-01-17T14:40:03-08:00,0,5
style.css,64,css,c90e7a7b,clairewowo,2025-01-17,14:40:03,-08:00,2025-01-17T14:40:03-08:00,0,12
style.css,65,css,c90e7a7b,clairewowo,2025-01-17,14:40:03,-08:00,2025-01-17T14:40:03-08:00,0,31
style.css,66,css,c90e7a7b,clairewowo,2025-01-17,14:40:03,-08:00,2025-01-17T14:40:03-08:00,0,19
style.css,67,css,c90e7a7b,clairewowo,2025-01-17,14:40:03,-08:00,2025-01-17T14:40:03-08:00,0,8
style.css,68,css,c90e7a7b,clairewowo,2025-01-17,14:40:03,-08:00,2025-01-17T14:40:03-08:00,0,0
style.css,69,css,c90e7a7b,clairewowo,2025-01-17,14:40:03,-08:00,2025-01-17T14:40:03-08:00,0,0
style.css,70,css,c90e7a7b,clairewowo,2025-01-17,14:40:03,-08:00,2025-01-17T14:40:03-08:00,0,11
style.css,71,css,c90e7a7b,clairewowo,2025-01-17,14:40:03,-08:00,2025-01-17T14:40:03-08:00,0,29
style.css,72,css,c90e7a7b,clairewowo,2025-01-17,14:40:03,-08:00,2025-01-17T14:40:03-08:00,0,0
style.css,73,css,c90e7a7b,clairewowo,2025-01-17,14:40:03,-08:00,2025-01-17T14:40:03-08:00,0,0
style.css,74,css,c90e7a7b,clairewowo,2025-01-17,14:40:03,-08:00,2025-01-17T14:40:03-08:00,0,7
style.css,75,css,c90e7a7b,clairewowo,2025-01-17,14:40:03,-08:00,2025-01-17T14:40:03-08:00,0,29
style.css,76,css,c90e7a7b,clairewowo,2025-01-17,14:40:03,-08:00,2025-01-17T14:40:03-08:00,0,0
style.css,77,css,c90e7a7b,clairewowo,2025-01-17,14:40:03,-08:00,2025-01-17T14:40:03-08:00,0,0
style.css,78,css,c90e7a7b,clairewowo,2025-01-17,14:40:03,-08:00,2025-01-17T14:40:03-08:00,0,10
style.css,79,css,c90e7a7b,clairewowo,2025-01-17,14:40:03,-08:00,2025-01-17T14:40:03-08:00,0,13
style.css,80,css,c90e7a7b,clairewowo,2025-01-17,14:40:03,-08:00,2025-01-17T14:40:03-08:00,0,59
style.css,81,css,c90e7a7b,clairewowo,2025-01-17,14:40:03,-08:00,2025-01-17T14:40:03-08:00,0,8
style.css,82,css,c90e7a7b,clairewowo,2025-01-17,14:40:03,-08:00,2025-01-17T14:40:03-08:00,0,0
style.css,83,css,c90e7a7b,clairewowo,2025-01-17,14:40:03,-08:00,2025-01-17T14:40:03-08:00,0,0
style.css,84,css,c90e7a7b,clairewowo,2025-01-17,14:40:03,-08:00,2025-01-17T14:40:03-08:00,0,8
style.css,85,css,c90e7a7b,clairewowo,2025-01-17,14:40:03,-08:00,2025-01-17T14:40:03-08:00,0,9
style.css,86,css,c90e7a7b,clairewowo,2025-01-17,14:40:03,-08:00,2025-01-17T14:40:03-08:00,0,27
style.css,87,css,c90e7a7b,clairewowo,2025-01-17,14:40:03,-08:00,2025-01-17T14:40:03-08:00,0,16
style.css,88,css,c90e7a7b,clairewowo,2025-01-17,14:40:03,-08:00,2025-01-17T14:40:03-08:00,0,8
style.css,89,css,c90e7a7b,clairewowo,2025-01-17,14:40:03,-08:00,2025-01-17T14:40:03-08:00,0,0
style.css,90,css,c90e7a7b,clairewowo,2025-01-17,14:40:03,-08:00,2025-01-17T14:40:03-08:00,0,0
style.css,91,css,c90e7a7b,clairewowo,2025-01-17,14:40:03,-08:00,2025-01-17T14:40:03-08:00,0,23
style.css,92,css,c90e7a7b,clairewowo,2025-01-17,14:40:03,-08:00,2025-01-17T14:40:03-08:00,0,16
style.css,93,css,c90e7a7b,clairewowo,2025-01-17,14:40:03,-08:00,2025-01-17T14:40:03-08:00,0,17
style.css,94,css,c90e7a7b,clairewowo,2025-01-17,14:40:03,-08:00,2025-01-17T14:40:03-08:00,0,0
style.css,95,css,c90e7a7b,clairewowo,2025-01-17,14:40:03,-08:00,2025-01-17T14:40:03-08:00,0,0
style.css,96,css,c90e7a7b,clairewowo,2025-01-17,14:40:03,-08:00,2025-01-17T14:40:03-08:00,0,11
style.css,97,css,c90e7a7b,clairewowo,2025-01-17,14:40:03,-08:00,2025-01-17T14:40:03-08:00,0,25
style.css,98,css,c90e7a7b,clairewowo,2025-01-17,14:40:03,-08:00,2025-01-17T14:40:03-08:00,0,0
style.css,99,css,c90e7a7b,clairewowo,2025-01-17,14:40:03,-08:00,2025-01-17T14:40:03-08:00,0,0
style.css,100,css,c90e7a7b,clairewowo,2025-01-17,14:40:03,-08:00,2025-01-17T14:40:03-08:00,0,11
style.css,101,css,c90e7a7b,clairewowo,2025-01-17,14:40:03,-08:00,2025-01-17T14:40:03-08:00,0,25
style.css,102,css,c90e7a7b,clairewowo,2025-01-17,14:40:03,-08:00,2025-01-17T14:40:03-08:00,0,0
style.css,103,css,efcbc57d,clairewowo,2025-02-06,23:55:44,-08:00,2025-02-06T23:55:44-08:00,0,0
style.css,104,css,34f31eb7,clairewowo,2025-02-08,12:01:39,-08:00,2025-02-08T12:01:39-08:00,0,19
style.css,105,css,efcbc57d,clairewowo,2025-02-06,23:55:44,-08:00,2025-02-06T23:55:44-08:00,0,15
style.css,106,css,efcbc57d,clairewowo,2025-02-06,23:55:44,-08:00,2025-02-06T23:55:44-08:00,0,17
style.css,107,css,efcbc57d,clairewowo,2025-02-06,23:55:44,-08:00,2025-02-06T23:55:44-08:00,0,17
style.css,108,css,efcbc57d,clairewowo,2025-02-06,23:55:44,-08:00,2025-02-06T23:55:44-08:00,0,0
style.css,109,css,34f31eb7,clairewowo,2025-02-08,12:01:39,-08:00,2025-02-08T12:01:39-08:00,0,0
style.css,110,css,34f31eb7,clairewowo,2025-02-08,12:01:39,-08:00,2025-02-08T12:01:39-08:00,0,8
style.css,111,css,34f31eb7,clairewowo,2025-02-08,12:01:39,-08:00,2025-02-08T12:01:39-08:00,0,11
style.css,112,css,34f31eb7,clairewowo,2025-02-08,12:01:39,-08:00,2025-02-08T12:01:39-08:00,0,18
style.css,113,css,34f31eb7,clairewowo,2025-02-08,12:01:39,-08:00,2025-02-08T12:01:39-08:00,0,12
style.css,114,css,34f31eb7,clairewowo,2025-02-08,12:01:39,-08:00,2025-02-08T12:01:39-08:00,0,30
style.css,115,css,34f31eb7,clairewowo,2025-02-08,12:01:39,-08:00,2025-02-08T12:01:39-08:00,0,21
style.css,116,css,34f31eb7,clairewowo,2025-02-08,12:01:39,-08:00,2025-02-08T12:01:39-08:00,0,0
style.css,117,css,34f31eb7,clairewowo,2025-02-08,12:01:39,-08:00,2025-02-08T12:01:39-08:00,0,0
style.css,118,css,34f31eb7,clairewowo,2025-02-08,12:01:39,-08:00,2025-02-08T12:01:39-08:00,0,8
style.css,119,css,34f31eb7,clairewowo,2025-02-08,12:01:39,-08:00,2025-02-08T12:01:39-08:00,0,12
style.css,120,css,34f31eb7,clairewowo,2025-02-08,12:01:39,-08:00,2025-02-08T12:01:39-08:00,0,7
style.css,121,css,34f31eb7,clairewowo,2025-02-08,12:01:39,-08:00,2025-02-08T12:01:39-08:00,0,22
style.css,122,css,34f31eb7,clairewowo,2025-02-08,12:01:39,-08:00,2025-02-08T12:01:39-08:00,0,58
style.css,123,css,68339eaf,clairewowo,2025-02-08,12:15:29,-08:00,2025-02-08T12:15:29-08:00,0,0
style.css,124,css,34f31eb7,clairewowo,2025-02-08,12:01:39,-08:00,2025-02-08T12:01:39-08:00,0,0
style.css,125,css,34f31eb7,clairewowo,2025-02-08,12:01:39,-08:00,2025-02-08T12:01:39-08:00,0,0
style.css,126,css,34f31eb7,clairewowo,2025-02-08,12:01:39,-08:00,2025-02-08T12:01:39-08:00,0,6
style.css,127,css,34f31eb7,clairewowo,2025-02-08,12:01:39,-08:00,2025-02-08T12:01:39-08:00,0,13
style.css,128,css,34f31eb7,clairewowo,2025-02-08,12:01:39,-08:00,2025-02-08T12:01:39-08:00,0,58
style.css,129,css,34f31eb7,clairewowo,2025-02-08,12:01:39,-08:00,2025-02-08T12:01:39-08:00,0,55
style.css,130,css,34f31eb7,clairewowo,2025-02-08,12:01:39,-08:00,2025-02-08T12:01:39-08:00,0,0
style.css,131,css,34f31eb7,clairewowo,2025-02-08,12:01:39,-08:00,2025-02-08T12:01:39-08:00,0,0
style.css,132,css,34f31eb7,clairewowo,2025-02-08,12:01:39,-08:00,2025-02-08T12:01:39-08:00,0,0
style.css,133,css,34f31eb7,clairewowo,2025-02-08,12:01:39,-08:00,2025-02-08T12:01:39-08:00,0,0
style.css,134,css,34f31eb7,clairewowo,2025-02-08,12:01:39,-08:00,2025-02-08T12:01:39-08:00,0,15
style.css,135,css,34f31eb7,clairewowo,2025-02-08,12:01:39,-08:00,2025-02-08T12:01:39-08:00,0,11
style.css,136,css,34f31eb7,clairewowo,2025-02-08,12:01:39,-08:00,2025-02-08T12:01:39-08:00,0,12
style.css,137,css,34f31eb7,clairewowo,2025-02-08,12:01:39,-08:00,2025-02-08T12:01:39-08:00,0,18
style.css,138,css,34f31eb7,clairewowo,2025-02-08,12:01:39,-08:00,2025-02-08T12:01:39-08:00,0,0
style.css,139,css,34f31eb7,clairewowo,2025-02-08,12:01:39,-08:00,2025-02-08T12:01:39-08:00,0,0
style.css,140,css,34f31eb7,clairewowo,2025-02-08,12:01:39,-08:00,2025-02-08T12:01:39-08:00,0,18
style.css,141,css,34f31eb7,clairewowo,2025-02-08,12:01:39,-08:00,2025-02-08T12:01:39-08:00,0,17
style.css,142,css,34f31eb7,clairewowo,2025-02-08,12:01:39,-08:00,2025-02-08T12:01:39-08:00,0,12
style.css,143,css,34f31eb7,clairewowo,2025-02-08,12:01:39,-08:00,2025-02-08T12:01:39-08:00,0,0
style.css,144,css,34f31eb7,clairewowo,2025-02-08,12:01:39,-08:00,2025-02-08T12:01:39-08:00,0,0
style.css,145,css,34f31eb7,clairewowo,2025-02-08,12:01:39,-08:00,2025-02-08T12:01:39-08:00,0,0
style.css,146,css,34f31eb7,clairewowo,2025-02-08,12:01:39,-08:00,2025-02-08T12:01:39-08:00,0,5
style.css,147,css,34f31eb7,clairewowo,2025-02-08,12:01:39,-08:00,2025-02-08T12:01:39-08:00,0,17
style.css,148,css,34f31eb7,clairewowo,2025-02-08,12:01:39,-08:00,2025-02-08T12:01:39-08:00,0,0
style.css,149,css,34f31eb7,clairewowo,2025-02-08,12:01:39,-08:00,2025-02-08T12:01:39-08:00,0,0
style.css,150,css,34f31eb7,clairewowo,2025-02-08,12:01:39,-08:00,2025-02-08T12:01:39-08:00,0,10
style.css,151,css,34f31eb7,clairewowo,2025-02-08,12:01:39,-08:00,2025-02-08T12:01:39-08:00,0,36
style.css,152,css,34f31eb7,clairewowo,2025-02-08,12:01:39,-08:00,2025-02-08T12:01:39-08:00,0,0
style.css,153,css,34f31eb7,clairewowo,2025-02-08,12:01:39,-08:00,2025-02-08T12:01:39-08:00,0,11
style.css,154,css,34f31eb7,clairewowo,2025-02-08,12:01:39,-08:00,2025-02-08T12:01:39-08:00,0,18
style.css,155,css,34f31eb7,clairewowo,2025-02-08,12:01:39,-08:00,2025-02-08T12:01:39-08:00,0,0
style.css,156,css,34f31eb7,clairewowo,2025-02-08,12:01:39,-08:00,2025-02-08T12:01:39-08:00,0,0
index.js,1,js,0a022a4b,clairewowo,2025-02-01,16:06:14,-08:00,2025-02-01T16:06:14-08:00,0,73
index.js,2,js,0a022a4b,clairewowo,2025-02-01,16:06:14,-08:00,2025-02-01T16:06:14-08:00,0,55
index.js,3,js,0a022a4b,clairewowo,2025-02-01,16:06:14,-08:00,2025-02-01T16:06:14-08:00,0,43
index.js,4,js,0a022a4b,clairewowo,2025-02-01,16:06:14,-08:00,2025-02-01T16:06:14-08:00,0,61
index.js,5,js,0a022a4b,clairewowo,2025-02-01,16:06:14,-08:00,2025-02-01T16:06:14-08:00,0,55
index.js,6,js,0a022a4b,clairewowo,2025-02-01,16:06:14,-08:00,2025-02-01T16:06:14-08:00,0,54
index.js,7,js,0a022a4b,clairewowo,2025-02-01,16:06:14,-08:00,2025-02-01T16:06:14-08:00,0,61
index.js,8,js,0a022a4b,clairewowo,2025-02-01,16:06:14,-08:00,2025-02-01T16:06:14-08:00,0,0
index.js,9,js,0a022a4b,clairewowo,2025-02-01,16:06:14,-08:00,2025-02-01T16:06:14-08:00,0,18
index.js,10,js,0a022a4b,clairewowo,2025-02-01,16:06:14,-08:00,2025-02-01T16:06:14-08:00,0,25
index.js,11,js,0a022a4b,clairewowo,2025-02-01,16:06:14,-08:00,2025-02-01T16:06:14-08:00,0,3
index.js,12,js,0a022a4b,clairewowo,2025-02-01,16:06:14,-08:00,2025-02-01T16:06:14-08:00,0,56
index.js,13,js,0a022a4b,clairewowo,2025-02-01,16:06:14,-08:00,2025-02-01T16:06:14-08:00,0,56
index.js,14,js,0a022a4b,clairewowo,2025-02-01,16:06:14,-08:00,2025-02-01T16:06:14-08:00,0,50
index.js,15,js,0a022a4b,clairewowo,2025-02-01,16:06:14,-08:00,2025-02-01T16:06:14-08:00,0,50
index.js,16,js,0a022a4b,clairewowo,2025-02-01,16:06:14,-08:00,2025-02-01T16:06:14-08:00,0,4
index.js,17,js,0a022a4b,clairewowo,2025-02-01,16:06:14,-08:00,2025-02-01T16:06:14-08:00,0,1
index.js,18,js,0a022a4b,clairewowo,2025-02-01,16:06:14,-08:00,2025-02-01T16:06:14-08:00,0,0
index.html,1,html,9d1bb365,clairewowo,2025-01-09,10:22:43,-08:00,2025-01-09T10:22:43-08:00,0,14
index.html,2,html,ecef5e44,clairewowo,2025-02-12,10:47:38,-08:00,2025-02-12T10:47:38-08:00,0,0
index.html,3,html,9d1bb365,clairewowo,2025-01-09,10:22:43,-08:00,2025-01-09T10:22:43-08:00,0,15
index.html,4,html,ecef5e44,clairewowo,2025-02-12,10:47:38,-08:00,2025-02-12T10:47:38-08:00,0,5
index.html,5,html,0a022a4b,clairewowo,2025-02-01,16:06:14,-08:00,2025-02-01T16:06:14-08:00,0,47
index.html,6,html,0a022a4b,clairewowo,2025-02-01,16:06:14,-08:00,2025-02-01T16:06:14-08:00,0,51
index.html,7,html,9d1bb365,clairewowo,2025-01-09,10:22:43,-08:00,2025-01-09T10:22:43-08:00,0,21
index.html,8,html,9d1bb365,clairewowo,2025-01-09,10:22:43,-08:00,2025-01-09T10:22:43-08:00,0,69
index.html,9,html,ecef5e44,clairewowo,2025-02-12,10:47:38,-08:00,2025-02-12T10:47:38-08:00,0,0
index.html,10,html,ecef5e44,clairewowo,2025-02-12,10:47:38,-08:00,2025-02-12T10:47:38-08:00,0,39
index.html,11,html,9d1bb365,clairewowo,2025-01-09,10:22:43,-08:00,2025-01-09T10:22:43-08:00,0,6
index.html,12,html,ecef5e44,clairewowo,2025-02-12,10:47:38,-08:00,2025-02-12T10:47:38-08:00,0,54
index.html,13,html,9d1bb365,clairewowo,2025-01-09,10:22:43,-08:00,2025-01-09T10:22:43-08:00,0,5
index.html,14,html,9d1bb365,clairewowo,2025-01-09,10:22:43,-08:00,2025-01-09T10:22:43-08:00,0,19
index.html,15,html,a6f4e935,clairewowo,2025-01-09,18:17:24,-08:00,2025-01-09T18:17:24-08:00,0,72
index.html,16,html,3f0cad2d,clairewowo,2025-01-10,21:26:33,-08:00,2025-01-10T21:26:33-08:00,0,72
index.html,17,html,efcbc57d,clairewowo,2025-02-06,23:55:44,-08:00,2025-02-06T23:55:44-08:00,0,0
index.html,18,html,efcbc57d,clairewowo,2025-02-06,23:55:44,-08:00,2025-02-06T23:55:44-08:00,0,0
index.html,19,html,9d1bb365,clairewowo,2025-01-09,10:22:43,-08:00,2025-01-09T10:22:43-08:00,0,0
index.html,20,html,0a022a4b,clairewowo,2025-02-01,16:06:14,-08:00,2025-02-01T16:06:14-08:00,0,23
index.html,21,html,0a022a4b,clairewowo,2025-02-01,16:06:14,-08:00,2025-02-01T16:06:14-08:00,0,21
index.html,22,html,0a022a4b,clairewowo,2025-02-01,16:06:14,-08:00,2025-02-01T16:06:14-08:00,0,50
index.html,23,html,0a022a4b,clairewowo,2025-02-01,16:06:14,-08:00,2025-02-01T16:06:14-08:00,0,5
index.html,24,html,0a022a4b,clairewowo,2025-02-01,16:06:14,-08:00,2025-02-01T16:06:14-08:00,0,17
index.html,25,html,0a022a4b,clairewowo,2025-02-01,16:06:14,-08:00,2025-02-01T16:06:14-08:00,0,29
index.html,26,html,9d1bb365,clairewowo,2025-01-09,10:22:43,-08:00,2025-01-09T10:22:43-08:00,0,6
index.html,27,html,36be4b46,clairewowo,2025-01-10,11:05:32,-08:00,2025-01-10T11:05:32-08:00,0,6
global.js,1,js,58ac6d6e,clairewowo,2025-01-24,00:20:02,-08:00,2025-01-24T00:20:02-08:00,0,0
global.js,2,js,58ac6d6e,clairewowo,2025-01-24,00:20:02,-08:00,2025-01-24T00:20:02-08:00,0,26
global.js,3,js,58ac6d6e,clairewowo,2025-01-24,00:20:02,-08:00,2025-01-24T00:20:02-08:00,0,0
global.js,4,js,58ac6d6e,clairewowo,2025-01-24,00:20:02,-08:00,2025-01-24T00:20:02-08:00,0,42
global.js,5,js,58ac6d6e,clairewowo,2025-01-24,00:20:02,-08:00,2025-01-24T00:20:02-08:00,0,53
global.js,6,js,58ac6d6e,clairewowo,2025-01-24,00:20:02,-08:00,2025-01-24T00:20:02-08:00,0,0
global.js,7,js,58ac6d6e,clairewowo,2025-01-24,00:20:02,-08:00,2025-01-24T00:20:02-08:00,0,0
global.js,8,js,58ac6d6e,clairewowo,2025-01-24,00:20:02,-08:00,2025-01-24T00:20:02-08:00,0,28
global.js,9,js,58ac6d6e,clairewowo,2025-01-24,00:20:02,-08:00,2025-01-24T00:20:02-08:00,0,0
global.js,10,js,58ac6d6e,clairewowo,2025-01-24,00:20:02,-08:00,2025-01-24T00:20:02-08:00,0,80
global.js,11,js,58ac6d6e,clairewowo,2025-01-24,00:20:02,-08:00,2025-01-24T00:20:02-08:00,0,0
global.js,12,js,52acb22b,clairewowo,2025-01-24,22:59:33,-08:00,2025-01-24T22:59:33-08:00,0,1
global.js,13,js,58ac6d6e,clairewowo,2025-01-24,00:20:02,-08:00,2025-01-24T00:20:02-08:00,0,31
global.js,14,js,58ac6d6e,clairewowo,2025-01-24,00:20:02,-08:00,2025-01-24T00:20:02-08:00,0,66
global.js,15,js,58ac6d6e,clairewowo,2025-01-24,00:20:02,-08:00,2025-01-24T00:20:02-08:00,0,1
global.js,16,js,58ac6d6e,clairewowo,2025-01-24,00:20:02,-08:00,2025-01-24T00:20:02-08:00,0,0
global.js,17,js,58ac6d6e,clairewowo,2025-01-24,00:20:02,-08:00,2025-01-24T00:20:02-08:00,0,17
global.js,18,js,58ac6d6e,clairewowo,2025-01-24,00:20:02,-08:00,2025-01-24T00:20:02-08:00,0,35
global.js,19,js,58ac6d6e,clairewowo,2025-01-24,00:20:02,-08:00,2025-01-24T00:20:02-08:00,0,36
global.js,20,js,58ac6d6e,clairewowo,2025-01-24,00:20:02,-08:00,2025-01-24T00:20:02-08:00,0,0
global.js,21,js,52acb22b,clairewowo,2025-01-24,22:59:33,-08:00,2025-01-24T22:59:33-08:00,0,1
global.js,22,js,52acb22b,clairewowo,2025-01-24,22:59:33,-08:00,2025-01-24T22:59:33-08:00,0,0
global.js,23,js,52acb22b,clairewowo,2025-01-24,22:59:33,-08:00,2025-01-24T22:59:33-08:00,0,12
global.js,24,js,52acb22b,clairewowo,2025-01-24,22:59:33,-08:00,2025-01-24T22:59:33-08:00,0,26
global.js,25,js,52acb22b,clairewowo,2025-01-24,22:59:33,-08:00,2025-01-24T22:59:33-08:00,0,49
global.js,26,js,52acb22b,clairewowo,2025-01-24,22:59:33,-08:00,2025-01-24T22:59:33-08:00,0,47
global.js,27,js,1538e3a9,clairewowo,2025-02-12,10:29:19,-08:00,2025-02-12T10:29:19-08:00,0,40
global.js,28,js,52acb22b,clairewowo,2025-01-24,22:59:33,-08:00,2025-01-24T22:59:33-08:00,0,45
global.js,29,js,52acb22b,clairewowo,2025-01-24,22:59:33,-08:00,2025-01-24T22:59:33-08:00,0,1
global.js,30,js,52acb22b,clairewowo,2025-01-24,22:59:33,-08:00,2025-01-24T22:59:33-08:00,0,0
global.js,31,js,52acb22b,clairewowo,2025-01-24,22:59:33,-08:00,2025-01-24T22:59:33-08:00,0,39
global.js,32,js,52acb22b,clairewowo,2025-01-24,22:59:33,-08:00,2025-01-24T22:59:33-08:00,0,26
global.js,33,js,52acb22b,clairewowo,2025-01-24,22:59:33,-08:00,2025-01-24T22:59:33-08:00,0,0
global.js,34,js,52acb22b,clairewowo,2025-01-24,22:59:33,-08:00,2025-01-24T22:59:33-08:00,0,71
global.js,35,js,52acb22b,clairewowo,2025-01-24,22:59:33,-08:00,2025-01-24T22:59:33-08:00,0,21
global.js,36,js,52acb22b,clairewowo,2025-01-24,22:59:33,-08:00,2025-01-24T22:59:33-08:00,0,15
global.js,37,js,52acb22b,clairewowo,2025-01-24,22:59:33,-08:00,2025-01-24T22:59:33-08:00,0,19
global.js,38,js,52acb22b,clairewowo,2025-01-24,22:59:33,-08:00,2025-01-24T22:59:33-08:00,0,0
global.js,39,js,52acb22b,clairewowo,2025-01-24,22:59:33,-08:00,2025-01-24T22:59:33-08:00,0,45
global.js,40,js,52acb22b,clairewowo,2025-01-24,22:59:33,-08:00,2025-01-24T22:59:33-08:00,0,17
global.js,41,js,52acb22b,clairewowo,2025-01-24,22:59:33,-08:00,2025-01-24T22:59:33-08:00,0,0
global.js,42,js,52acb22b,clairewowo,2025-01-24,22:59:33,-08:00,2025-01-24T22:59:33-08:00,0,35
global.js,43,js,52acb22b,clairewowo,2025-01-24,22:59:33,-08:00,2025-01-24T22:59:33-08:00,0,12
global.js,44,js,52acb22b,clairewowo,2025-01-24,22:59:33,-08:00,2025-01-24T22:59:33-08:00,0,21
global.js,45,js,52acb22b,clairewowo,2025-01-24,22:59:33,-08:00,2025-01-24T22:59:33-08:00,0,66
global.js,46,js,52acb22b,clairewowo,2025-01-24,22:59:33,-08:00,2025-01-24T22:59:33-08:00,0,26
global.js,47,js,52acb22b,clairewowo,2025-01-24,22:59:33,-08:00,2025-01-24T22:59:33-08:00,0,0
global.js,48,js,52acb22b,clairewowo,2025-01-24,22:59:33,-08:00,2025-01-24T22:59:33-08:00,0,13
global.js,49,js,52acb22b,clairewowo,2025-01-24,22:59:33,-08:00,2025-01-24T22:59:33-08:00,0,0
global.js,50,js,52acb22b,clairewowo,2025-01-24,22:59:33,-08:00,2025-01-24T22:59:33-08:00,0,0
global.js,51,js,52acb22b,clairewowo,2025-01-24,22:59:33,-08:00,2025-01-24T22:59:33-08:00,0,32
global.js,52,js,52acb22b,clairewowo,2025-01-24,22:59:33,-08:00,2025-01-24T22:59:33-08:00,0,12
global.js,53,js,52acb22b,clairewowo,2025-01-24,22:59:33,-08:00,2025-01-24T22:59:33-08:00,0,0
global.js,54,js,52acb22b,clairewowo,2025-01-24,22:59:33,-08:00,2025-01-24T22:59:33-08:00,1,27
global.js,55,js,52acb22b,clairewowo,2025-01-24,22:59:33,-08:00,2025-01-24T22:59:33-08:00,2,5
global.js,56,js,52acb22b,clairewowo,2025-01-24,22:59:33,-08:00,2025-01-24T22:59:33-08:00,2,27
global.js,57,js,52acb22b,clairewowo,2025-01-24,22:59:33,-08:00,2025-01-24T22:59:33-08:00,3,25
global.js,58,js,52acb22b,clairewowo,2025-01-24,22:59:33,-08:00,2025-01-24T22:59:33-08:00,0,21
global.js,59,js,52acb22b,clairewowo,2025-01-24,22:59:33,-08:00,2025-01-24T22:59:33-08:00,0,20
global.js,60,js,52acb22b,clairewowo,2025-01-24,22:59:33,-08:00,2025-01-24T22:59:33-08:00,2,8
global.js,61,js,52acb22b,clairewowo,2025-01-24,22:59:33,-08:00,2025-01-24T22:59:33-08:00,1,8
global.js,62,js,52acb22b,clairewowo,2025-01-24,22:59:33,-08:00,2025-01-24T22:59:33-08:00,0,1
global.js,63,js,52acb22b,clairewowo,2025-01-24,22:59:33,-08:00,2025-01-24T22:59:33-08:00,0,0
global.js,64,js,52acb22b,clairewowo,2025-01-24,22:59:33,-08:00,2025-01-24T22:59:33-08:00,0,47
global.js,65,js,52acb22b,clairewowo,2025-01-24,22:59:33,-08:00,2025-01-24T22:59:33-08:00,0,0
global.js,66,js,52acb22b,clairewowo,2025-01-24,22:59:33,-08:00,2025-01-24T22:59:33-08:00,0,32
global.js,67,js,52acb22b,clairewowo,2025-01-24,22:59:33,-08:00,2025-01-24T22:59:33-08:00,0,66
global.js,68,js,52acb22b,clairewowo,2025-01-24,22:59:33,-08:00,2025-01-24T22:59:33-08:00,0,74
global.js,69,js,52acb22b,clairewowo,2025-01-24,22:59:33,-08:00,2025-01-24T22:59:33-08:00,0,0
global.js,70,js,52acb22b,clairewowo,2025-01-24,22:59:33,-08:00,2025-01-24T22:59:33-08:00,0,0
global.js,71,js,52acb22b,clairewowo,2025-01-24,22:59:33,-08:00,2025-01-24T22:59:33-08:00,0,65
global.js,72,js,52acb22b,clairewowo,2025-01-24,22:59:33,-08:00,2025-01-24T22:59:33-08:00,0,52
global.js,73,js,52acb22b,clairewowo,2025-01-24,22:59:33,-08:00,2025-01-24T22:59:33-08:00,0,55
global.js,74,js,52acb22b,clairewowo,2025-01-24,22:59:33,-08:00,2025-01-24T22:59:33-08:00,0,17
global.js,75,js,52acb22b,clairewowo,2025-01-24,22:59:33,-08:00,2025-01-24T22:59:33-08:00,0,27
global.js,76,js,52acb22b,clairewowo,2025-01-24,22:59:33,-08:00,2025-01-24T22:59:33-08:00,0,7
global.js,77,js,52acb22b,clairewowo,2025-01-24,22:59:33,-08:00,2025-01-24T22:59:33-08:00,0,33
global.js,78,js,52acb22b,clairewowo,2025-01-24,22:59:33,-08:00,2025-01-24T22:59:33-08:00,0,29
global.js,79,js,52acb22b,clairewowo,2025-01-24,22:59:33,-08:00,2025-01-24T22:59:33-08:00,0,74
global.js,80,js,52acb22b,clairewowo,2025-01-24,22:59:33,-08:00,2025-01-24T22:59:33-08:00,0,0
global.js,81,js,52acb22b,clairewowo,2025-01-24,22:59:33,-08:00,2025-01-24T22:59:33-08:00,0,2
global.js,82,js,52acb22b,clairewowo,2025-01-24,22:59:33,-08:00,2025-01-24T22:59:33-08:00,0,0
global.js,83,js,52acb22b,clairewowo,2025-01-24,22:59:33,-08:00,2025-01-24T22:59:33-08:00,0,44
global.js,84,js,52acb22b,clairewowo,2025-01-24,22:59:33,-08:00,2025-01-24T22:59:33-08:00,0,50
global.js,85,js,52acb22b,clairewowo,2025-01-24,22:59:33,-08:00,2025-01-24T22:59:33-08:00,0,36
global.js,86,js,52acb22b,clairewowo,2025-01-24,22:59:33,-08:00,2025-01-24T22:59:33-08:00,0,49
global.js,87,js,52acb22b,clairewowo,2025-01-24,22:59:33,-08:00,2025-01-24T22:59:33-08:00,0,25
global.js,88,js,52acb22b,clairewowo,2025-01-24,22:59:33,-08:00,2025-01-24T22:59:33-08:00,0,85
global.js,89,js,52acb22b,clairewowo,2025-01-24,22:59:33,-08:00,2025-01-24T22:59:33-08:00,0,2
global.js,90,js,52acb22b,clairewowo,2025-01-24,22:59:33,-08:00,2025-01-24T22:59:33-08:00,0,0
global.js,91,js,79f8b8d8,clairewowo,2025-01-31,14:23:44,-08:00,2025-01-31T14:23:44-08:00,0,37
global.js,92,js,79f8b8d8,clairewowo,2025-01-31,14:23:44,-08:00,2025-01-31T14:23:44-08:00,0,4
global.js,93,js,79f8b8d8,clairewowo,2025-01-31,14:23:44,-08:00,2025-01-31T14:23:44-08:00,0,40
global.js,94,js,79f8b8d8,clairewowo,2025-01-31,14:23:44,-08:00,2025-01-31T14:23:44-08:00,0,33
global.js,95,js,79f8b8d8,clairewowo,2025-01-31,14:23:44,-08:00,2025-01-31T14:23:44-08:00,0,18
global.js,96,js,79f8b8d8,clairewowo,2025-01-31,14:23:44,-08:00,2025-01-31T14:23:44-08:00,0,67
global.js,97,js,79f8b8d8,clairewowo,2025-01-31,14:23:44,-08:00,2025-01-31T14:23:44-08:00,0,0
global.js,98,js,79f8b8d8,clairewowo,2025-01-31,14:23:44,-08:00,2025-01-31T14:23:44-08:00,0,20
global.js,99,js,79f8b8d8,clairewowo,2025-01-31,14:23:44,-08:00,2025-01-31T14:23:44-08:00,0,34
global.js,100,js,79f8b8d8,clairewowo,2025-01-31,14:23:44,-08:00,2025-01-31T14:23:44-08:00,0,11
global.js,101,js,79f8b8d8,clairewowo,2025-01-31,14:23:44,-08:00,2025-01-31T14:23:44-08:00,0,0
global.js,102,js,79f8b8d8,clairewowo,2025-01-31,14:23:44,-08:00,2025-01-31T14:23:44-08:00,0,16
global.js,103,js,79f8b8d8,clairewowo,2025-01-31,14:23:44,-08:00,2025-01-31T14:23:44-08:00,0,60
global.js,104,js,79f8b8d8,clairewowo,2025-01-31,14:23:44,-08:00,2025-01-31T14:23:44-08:00,0,0
global.js,105,js,79f8b8d8,clairewowo,2025-01-31,14:23:44,-08:00,2025-01-31T14:23:44-08:00,0,1
global.js,106,js,79f8b8d8,clairewowo,2025-01-31,14:23:44,-08:00,2025-01-31T14:23:44-08:00,0,0
global.js,107,js,ecef5e44,clairewowo,2025-02-12,10:47:38,-08:00,2025-02-12T10:47:38-08:00,0,95
global.js,108,js,ecef5e44,clairewowo,2025-02-12,10:47:38,-08:00,2025-02-12T10:47:38-08:00,0,17
global.js,109,js,ecef5e44,clairewowo,2025-02-12,10:47:38,-08:00,2025-02-12T10:47:38-08:00,0,56
global.js,110,js,ecef5e44,clairewowo,2025-02-12,10:47:38,-08:00,2025-02-12T10:47:38-08:00,0,55
global.js,111,js,ecef5e44,clairewowo,2025-02-12,10:47:38,-08:00,2025-02-12T10:47:38-08:00,0,0
global.js,112,js,79f8b8d8,clairewowo,2025-01-31,14:23:44,-08:00,2025-01-31T14:23:44-08:00,0,31
global.js,113,js,79f8b8d8,clairewowo,2025-01-31,14:23:44,-08:00,2025-01-31T14:23:44-08:00,0,23
global.js,114,js,79f8b8d8,clairewowo,2025-01-31,14:23:44,-08:00,2025-01-31T14:23:44-08:00,0,49
global.js,115,js,79f8b8d8,clairewowo,2025-01-31,14:23:44,-08:00,2025-01-31T14:23:44-08:00,0,20
global.js,116,js,79f8b8d8,clairewowo,2025-01-31,14:23:44,-08:00,2025-01-31T14:23:44-08:00,0,44
global.js,117,js,79f8b8d8,clairewowo,2025-01-31,14:23:44,-08:00,2025-01-31T14:23:44-08:00,0,38
global.js,118,js,79f8b8d8,clairewowo,2025-01-31,14:23:44,-08:00,2025-01-31T14:23:44-08:00,0,22
global.js,119,js,efcbc57d,clairewowo,2025-02-06,23:55:44,-08:00,2025-02-06T23:55:44-08:00,0,15
global.js,120,js,79f8b8d8,clairewowo,2025-01-31,14:23:44,-08:00,2025-01-31T14:23:44-08:00,0,1
global.js,121,js,79f8b8d8,clairewowo,2025-01-31,14:23:44,-08:00,2025-01-31T14:23:44-08:00,0,37
global.js,122,js,79f8b8d8,clairewowo,2025-01-31,14:23:44,-08:00,2025-01-31T14:23:44-08:00,0,0
global.js,123,js,34f31eb7,clairewowo,2025-02-08,12:01:39,-08:00,2025-02-08T12:01:39-08:00,0,11
global.js,124,js,79f8b8d8,clairewowo,2025-01-31,14:23:44,-08:00,2025-01-31T14:23:44-08:00,0,1
global.js,125,js,0a022a4b,clairewowo,2025-02-01,16:06:14,-08:00,2025-02-01T16:06:14-08:00,0,0
global.js,126,js,0a022a4b,clairewowo,2025-02-01,16:06:14,-08:00,2025-02-01T16:06:14-08:00,0,48
global.js,127,js,0a022a4b,clairewowo,2025-02-01,16:06:14,-08:00,2025-02-01T16:06:14-08:00,0,60
global.js,128,js,efcbc57d,clairewowo,2025-02-06,23:55:44,-08:00,2025-02-06T23:55:44-08:00,0,0
resume/index.html,1,html,763e945c,clairewowo,2025-01-10,15:08:44,-08:00,2025-01-10T15:08:44-08:00,0,5
resume/index.html,2,html,763e945c,clairewowo,2025-01-10,15:08:44,-08:00,2025-01-10T15:08:44-08:00,0,20
resume/index.html,3,html,52acb22b,clairewowo,2025-01-24,22:59:33,-08:00,2025-01-24T22:59:33-08:00,0,53
resume/index.html,4,html,763e945c,clairewowo,2025-01-10,15:08:44,-08:00,2025-01-10T15:08:44-08:00,0,5
resume/index.html,5,html,c90e7a7b,clairewowo,2025-01-17,14:40:03,-08:00,2025-01-17T14:40:03-08:00,0,42
resume/index.html,6,html,763e945c,clairewowo,2025-01-10,15:08:44,-08:00,2025-01-10T15:08:44-08:00,0,6
resume/index.html,7,html,52acb22b,clairewowo,2025-01-24,22:59:33,-08:00,2025-01-24T22:59:33-08:00,0,0
resume/index.html,8,html,763e945c,clairewowo,2025-01-10,15:08:44,-08:00,2025-01-10T15:08:44-08:00,0,5
resume/index.html,9,html,763e945c,clairewowo,2025-01-10,15:08:44,-08:00,2025-01-10T15:08:44-08:00,0,8
resume/index.html,10,html,c90e7a7b,clairewowo,2025-01-17,14:40:03,-08:00,2025-01-17T14:40:03-08:00,0,19
resume/index.html,11,html,763e945c,clairewowo,2025-01-10,15:08:44,-08:00,2025-01-10T15:08:44-08:00,0,72
resume/index.html,12,html,763e945c,clairewowo,2025-01-10,15:08:44,-08:00,2025-01-10T15:08:44-08:00,0,73
resume/index.html,13,html,763e945c,clairewowo,2025-01-10,15:08:44,-08:00,2025-01-10T15:08:44-08:00,0,74
resume/index.html,14,html,763e945c,clairewowo,2025-01-10,15:08:44,-08:00,2025-01-10T15:08:44-08:00,0,44
resume/index.html,15,html,763e945c,clairewowo,2025-01-10,15:08:44,-08:00,2025-01-10T15:08:44-08:00,0,8
resume/index.html,16,html,c90e7a7b,clairewowo,2025-01-17,14:40:03,-08:00,2025-01-17T14:40:03-08:00,0,17
resume/index.html,17,html,763e945c,clairewowo,2025-01-10,15:08:44,-08:00,2025-01-10T15:08:44-08:00,0,83
resume/index.html,18,html,763e945c,clairewowo,2025-01-10,15:08:44,-08:00,2025-01-10T15:08:44-08:00,0,3
resume/index.html,19,html,763e945c,clairewowo,2025-01-10,15:08:44,-08:00,2025-01-10T15:08:44-08:00,0,18
resume/index.html,20,html,763e945c,clairewowo,2025-01-10,15:08:44,-08:00,2025-01-10T15:08:44-08:00,0,16
resume/index.html,21,html,763e945c,clairewowo,2025-01-10,15:08:44,-08:00,2025-01-10T15:08:44-08:00,0,4
resume/index.html,22,html,763e945c,clairewowo,2025-01-10,15:08:44,-08:00,2025-01-10T15:08:44-08:00,0,0
resume/index.html,23,html,763e945c,clairewowo,2025-01-10,15:08:44,-08:00,2025-01-10T15:08:44-08:00,0,9
resume/index.html,24,html,763e945c,clairewowo,2025-01-10,15:08:44,-08:00,2025-01-10T15:08:44-08:00,0,8
resume/index.html,25,html,c90e7a7b,clairewowo,2025-01-17,14:40:03,-08:00,2025-01-17T14:40:03-08:00,0,18
resume/index.html,26,html,c90e7a7b,clairewowo,2025-01-17,14:40:03,-08:00,2025-01-17T14:40:03-08:00,0,39
resume/index.html,27,html,763e945c,clairewowo,2025-01-10,15:08:44,-08:00,2025-01-10T15:08:44-08:00,0,2
resume/index.html,28,html,763e945c,clairewowo,2025-01-10,15:08:44,-08:00,2025-01-10T15:08:44-08:00,0,43
resume/index.html,29,html,763e945c,clairewowo,2025-01-10,15:08:44,-08:00,2025-01-10T15:08:44-08:00,0,44
resume/index.html,30,html,763e945c,clairewowo,2025-01-10,15:08:44,-08:00,2025-01-10T15:08:44-08:00,0,3
resume/index.html,31,html,c90e7a7b,clairewowo,2025-01-17,14:40:03,-08:00,2025-01-17T14:40:03-08:00,0,67
resume/index.html,32,html,763e945c,clairewowo,2025-01-10,15:08:44,-08:00,2025-01-10T15:08:44-08:00,0,64
resume/index.html,33,html,c90e7a7b,clairewowo,2025-01-17,14:40:03,-08:00,2025-01-17T14:40:03-08:00,0,55
resume/index.html,34,html,c90e7a7b,clairewowo,2025-01-17,14:40:03,-08:00,2025-01-17T14:40:03-08:00,0,3
resume/index.html,35,html,c90e7a7b,clairewowo,2025-01-17,14:40:03,-08:00,2025-01-17T14:40:03-08:00,0,70
resume/index.html,36,html,c90e7a7b,clairewowo,2025-01-17,14:40:03,-08:00,2025-01-17T14:40:03-08:00,0,37
resume/index.html,37,html,c90e7a7b,clairewowo,2025-01-17,14:40:03,-08:00,2025-01-17T14:40:03-08:00,0,3
resume/index.html,38,html,c90e7a7b,clairewowo,2025-01-17,14:40:03,-08:00,2025-01-17T14:40:03-08:00,0,66
resume/index.html,39,html,763e945c,clairewowo,2025-01-10,15:08:44,-08:00,2025-01-10T15:08:44-08:00,0,4
resume/index.html,40,html,c90e7a7b,clairewowo,2025-01-17,14:40:03,-08:00,2025-01-17T14:40:03-08:00,0,38
resume/index.html,41,html,763e945c,clairewowo,2025-01-10,15:08:44,-08:00,2025-01-10T15:08:44-08:00,0,2
resume/index.html,42,html,763e945c,clairewowo,2025-01-10,15:08:44,-08:00,2025-01-10T15:08:44-08:00,0,44
resume/index.html,43,html,763e945c,clairewowo,2025-01-10,15:08:44,-08:00,2025-01-10T15:08:44-08:00,0,45
resume/index.html,44,html,763e945c,clairewowo,2025-01-10,15:08:44,-08:00,2025-01-10T15:08:44-08:00,0,3
resume/index.html,45,html,c90e7a7b,clairewowo,2025-01-17,14:40:03,-08:00,2025-01-17T14:40:03-08:00,0,57
resume/index.html,46,html,763e945c,clairewowo,2025-01-10,15:08:44,-08:00,2025-01-10T15:08:44-08:00,0,65
resume/index.html,47,html,c90e7a7b,clairewowo,2025-01-17,14:40:03,-08:00,2025-01-17T14:40:03-08:00,0,51
resume/index.html,48,html,c90e7a7b,clairewowo,2025-01-17,14:40:03,-08:00,2025-01-17T14:40:03-08:00,0,3
resume/index.html,49,html,c90e7a7b,clairewowo,2025-01-17,14:40:03,-08:00,2025-01-17T14:40:03-08:00,0,63
resume/index.html,50,html,763e945c,clairewowo,2025-01-10,15:08:44,-08:00,2025-01-10T15:08:44-08:00,0,66
resume/index.html,51,html,c90e7a7b,clairewowo,2025-01-17,14:40:03,-08:00,2025-01-17T14:40:03-08:00,0,41
resume/index.html,52,html,c90e7a7b,clairewowo,2025-01-17,14:40:03,-08:00,2025-01-17T14:40:03-08:00,0,3
resume/index.html,53,html,763e945c,clairewowo,2025-01-10,15:08:44,-08:00,2025-01-10T15:08:44-08:00,0,9
resume/index.html,54,html,763e945c,clairewowo,2025-01-10,15:08:44,-08:00,2025-01-10T15:08:44-08:00,0,8
resume/index.html,55,html,c90e7a7b,clairewowo,2025-01-17,14:40:03,-08:00,2025-01-17T14:40:03-08:00,0,16
resume/index.html,56,html,763e945c,clairewowo,2025-01-10,15:08:44,-08:00,2025-01-10T15:08:44-08:00,0,72
resume/index.html,57,html,763e945c,clairewowo,2025-01-10,15:08:44,-08:00,2025-01-10T15:08:44-08:00,0,9
resume/index.html,58,html,763e945c,clairewowo,2025-01-10,15:08:44,-08:00,2025-01-10T15:08:44-08:00,0,8
resume/index.html,59,html,c90e7a7b,clairewowo,2025-01-17,14:40:03,-08:00,2025-01-17T14:40:03-08:00,0,14
resume/index.html,60,html,c90e7a7b,clairewowo,2025-01-17,14:40:03,-08:00,2025-01-17T14:40:03-08:00,0,51
resume/index.html,61,html,c90e7a7b,clairewowo,2025-01-17,14:40:03,-08:00,2025-01-17T14:40:03-08:00,0,61
resume/index.html,62,html,c90e7a7b,clairewowo,2025-01-17,14:40:03,-08:00,2025-01-17T14:40:03-08:00,0,28
resume/index.html,63,html,763e945c,clairewowo,2025-01-10,15:08:44,-08:00,2025-01-10T15:08:44-08:00,0,4
resume/index.html,64,html,763e945c,clairewowo,2025-01-10,15:08:44,-08:00,2025-01-10T15:08:44-08:00,0,9
resume/index.html,65,html,763e945c,clairewowo,2025-01-10,15:08:44,-08:00,2025-01-10T15:08:44-08:00,0,8
resume/index.html,66,html,c90e7a7b,clairewowo,2025-01-17,14:40:03,-08:00,2025-01-17T14:40:03-08:00,0,25
resume/index.html,67,html,c90e7a7b,clairewowo,2025-01-17,14:40:03,-08:00,2025-01-17T14:40:03-08:00,0,52
resume/index.html,68,html,c90e7a7b,clairewowo,2025-01-17,14:40:03,-08:00,2025-01-17T14:40:03-08:00,0,38
resume/index.html,69,html,c90e7a7b,clairewowo,2025-01-17,14:40:03,-08:00,2025-01-17T14:40:03-08:00,0,42
resume/index.html,70,html,763e945c,clairewowo,2025-01-10,15:08:44,-08:00,2025-01-10T15:08:44-08:00,0,9
resume/index.html,71,html,763e945c,clairewowo,2025-01-10,15:08:44,-08:00,2025-01-10T15:08:44-08:00,0,9
resume/index.html,72,html,763e945c,clairewowo,2025-01-10,15:08:44,-08:00,2025-01-10T15:08:44-08:00,0,0
resume/index.html,73,html,763e945c,clairewowo,2025-01-10,15:08:44,-08:00,2025-01-10T15:08:44-08:00,0,6
resume/index.html,74,html,763e945c,clairewowo,2025-01-10,15:08:44,-08:00,2025-01-10T15:08:44-08:00,0,6
projects/projects.js,1,js,efcbc57d,clairewowo,2025-02-06,23:55:44,-08:00,2025-02-06T23:55:44-08:00,0,64
projects/projects.js,2,js,34f31eb7,clairewowo,2025-02-08,12:01:39,-08:00,2025-02-08T12:01:39-08:00,0,56
projects/projects.js,3,js,efcbc57d,clairewowo,2025-02-06,23:55:44,-08:00,2025-02-06T23:55:44-08:00,0,0
projects/projects.js,4,js,34f31eb7,clairewowo,2025-02-08,12:01:39,-08:00,2025-02-08T12:01:39-08:00,0,54
projects/projects.js,5,js,34f31eb7,clairewowo,2025-02-08,12:01:39,-08:00,2025-02-08T12:01:39-08:00,0,54
projects/projects.js,6,js,efcbc57d,clairewowo,2025-02-06,23:55:44,-08:00,2025-02-06T23:55:44-08:00,0,48
projects/projects.js,7,js,efcbc57d,clairewowo,2025-02-06,23:55:44,-08:00,2025-02-06T23:55:44-08:00,0,0
projects/projects.js,8,js,34f31eb7,clairewowo,2025-02-08,12:01:39,-08:00,2025-02-08T12:01:39-08:00,0,41
projects/projects.js,9,js,34f31eb7,clairewowo,2025-02-08,12:01:39,-08:00,2025-02-08T12:01:39-08:00,0,22
projects/projects.js,10,js,34f31eb7,clairewowo,2025-02-08,12:01:39,-08:00,2025-02-08T12:01:39-08:00,0,39
projects/projects.js,11,js,34f31eb7,clairewowo,2025-02-08,12:01:39,-08:00,2025-02-08T12:01:39-08:00,0,26
projects/projects.js,12,js,34f31eb7,clairewowo,2025-02-08,12:01:39,-08:00,2025-02-08T12:01:39-08:00,0,30
projects/projects.js,13,js,34f31eb7,clairewowo,2025-02-08,12:01:39,-08:00,2025-02-08T12:01:39-08:00,0,13
projects/projects.js,14,js,34f31eb7,clairewowo,2025-02-08,12:01:39,-08:00,2025-02-08T12:01:39-08:00,0,15
projects/projects.js,15,js,34f31eb7,clairewowo,2025-02-08,12:01:39,-08:00,2025-02-08T12:01:39-08:00,0,13
projects/projects.js,16,js,34f31eb7,clairewowo,2025-02-08,12:01:39,-08:00,2025-02-08T12:01:39-08:00,0,1
projects/projects.js,17,js,34f31eb7,clairewowo,2025-02-08,12:01:39,-08:00,2025-02-08T12:01:39-08:00,0,19
projects/projects.js,18,js,34f31eb7,clairewowo,2025-02-08,12:01:39,-08:00,2025-02-08T12:01:39-08:00,0,51
projects/projects.js,19,js,34f31eb7,clairewowo,2025-02-08,12:01:39,-08:00,2025-02-08T12:01:39-08:00,0,36
projects/projects.js,20,js,34f31eb7,clairewowo,2025-02-08,12:01:39,-08:00,2025-02-08T12:01:39-08:00,0,2
projects/projects.js,21,js,34f31eb7,clairewowo,2025-02-08,12:01:39,-08:00,2025-02-08T12:01:39-08:00,0,51
projects/projects.js,22,js,34f31eb7,clairewowo,2025-02-08,12:01:39,-08:00,2025-02-08T12:01:39-08:00,0,19
projects/projects.js,23,js,34f31eb7,clairewowo,2025-02-08,12:01:39,-08:00,2025-02-08T12:01:39-08:00,0,14
projects/projects.js,24,js,34f31eb7,clairewowo,2025-02-08,12:01:39,-08:00,2025-02-08T12:01:39-08:00,0,17
projects/projects.js,25,js,34f31eb7,clairewowo,2025-02-08,12:01:39,-08:00,2025-02-08T12:01:39-08:00,0,0
projects/projects.js,26,js,34f31eb7,clairewowo,2025-02-08,12:01:39,-08:00,2025-02-08T12:01:39-08:00,0,52
projects/projects.js,27,js,34f31eb7,clairewowo,2025-02-08,12:01:39,-08:00,2025-02-08T12:01:39-08:00,0,43
projects/projects.js,28,js,34f31eb7,clairewowo,2025-02-08,12:01:39,-08:00,2025-02-08T12:01:39-08:00,0,24
projects/projects.js,29,js,34f31eb7,clairewowo,2025-02-08,12:01:39,-08:00,2025-02-08T12:01:39-08:00,0,0
projects/projects.js,30,js,34f31eb7,clairewowo,2025-02-08,12:01:39,-08:00,2025-02-08T12:01:39-08:00,0,34
projects/projects.js,31,js,34f31eb7,clairewowo,2025-02-08,12:01:39,-08:00,2025-02-08T12:01:39-08:00,0,26
projects/projects.js,32,js,34f31eb7,clairewowo,2025-02-08,12:01:39,-08:00,2025-02-08T12:01:39-08:00,0,30
projects/projects.js,33,js,34f31eb7,clairewowo,2025-02-08,12:01:39,-08:00,2025-02-08T12:01:39-08:00,0,0
projects/projects.js,34,js,34f31eb7,clairewowo,2025-02-08,12:01:39,-08:00,2025-02-08T12:01:39-08:00,0,31
projects/projects.js,35,js,34f31eb7,clairewowo,2025-02-08,12:01:39,-08:00,2025-02-08T12:01:39-08:00,0,35
projects/projects.js,36,js,34f31eb7,clairewowo,2025-02-08,12:01:39,-08:00,2025-02-08T12:01:39-08:00,0,45
projects/projects.js,37,js,34f31eb7,clairewowo,2025-02-08,12:01:39,-08:00,2025-02-08T12:01:39-08:00,0,33
projects/projects.js,38,js,68339eaf,clairewowo,2025-02-08,12:15:29,-08:00,2025-02-08T12:15:29-08:00,0,28
projects/projects.js,39,js,68339eaf,clairewowo,2025-02-08,12:15:29,-08:00,2025-02-08T12:15:29-08:00,0,18
projects/projects.js,40,js,68339eaf,clairewowo,2025-02-08,12:15:29,-08:00,2025-02-08T12:15:29-08:00,0,21
projects/projects.js,41,js,68339eaf,clairewowo,2025-02-08,12:15:29,-08:00,2025-02-08T12:15:29-08:00,0,39
projects/projects.js,42,js,68339eaf,clairewowo,2025-02-08,12:15:29,-08:00,2025-02-08T12:15:29-08:00,0,70
projects/projects.js,43,js,68339eaf,clairewowo,2025-02-08,12:15:29,-08:00,2025-02-08T12:15:29-08:00,0,2
projects/projects.js,44,js,68339eaf,clairewowo,2025-02-08,12:15:29,-08:00,2025-02-08T12:15:29-08:00,0,0
projects/projects.js,45,js,34f31eb7,clairewowo,2025-02-08,12:01:39,-08:00,2025-02-08T12:01:39-08:00,0,54
projects/projects.js,46,js,34f31eb7,clairewowo,2025-02-08,12:01:39,-08:00,2025-02-08T12:01:39-08:00,0,32
projects/projects.js,47,js,34f31eb7,clairewowo,2025-02-08,12:01:39,-08:00,2025-02-08T12:01:39-08:00,0,2
projects/projects.js,48,js,34f31eb7,clairewowo,2025-02-08,12:01:39,-08:00,2025-02-08T12:01:39-08:00,0,14
projects/projects.js,49,js,34f31eb7,clairewowo,2025-02-08,12:01:39,-08:00,2025-02-08T12:01:39-08:00,0,23
projects/projects.js,50,js,34f31eb7,clairewowo,2025-02-08,12:01:39,-08:00,2025-02-08T12:01:39-08:00,0,23
projects/projects.js,51,js,34f31eb7,clairewowo,2025-02-08,12:01:39,-08:00,2025-02-08T12:01:39-08:00,0,19
projects/projects.js,52,js,34f31eb7,clairewowo,2025-02-08,12:01:39,-08:00,2025-02-08T12:01:39-08:00,0,44
projects/projects.js,53,js,34f31eb7,clairewowo,2025-02-08,12:01:39,-08:00,2025-02-08T12:01:39-08:00,0,2
projects/projects.js,54,js,34f31eb7,clairewowo,2025-02-08,12:01:39,-08:00,2025-02-08T12:01:39-08:00,0,17
projects/projects.js,55,js,34f31eb7,clairewowo,2025-02-08,12:01:39,-08:00,2025-02-08T12:01:39-08:00,0,27
projects/projects.js,56,js,34f31eb7,clairewowo,2025-02-08,12:01:39,-08:00,2025-02-08T12:01:39-08:00,0,38
projects/projects.js,57,js,34f31eb7,clairewowo,2025-02-08,12:01:39,-08:00,2025-02-08T12:01:39-08:00,0,2
projects/projects.js,58,js,34f31eb7,clairewowo,2025-02-08,12:01:39,-08:00,2025-02-08T12:01:39-08:00,0,0
projects/projects.js,59,js,34f31eb7,clairewowo,2025-02-08,12:01:39,-08:00,2025-02-08T12:01:39-08:00,0,5
projects/projects.js,60,js,34f31eb7,clairewowo,2025-02-08,12:01:39,-08:00,2025-02-08T12:01:39-08:00,0,15
projects/projects.js,61,js,34f31eb7,clairewowo,2025-02-08,12:01:39,-08:00,2025-02-08T12:01:39-08:00,0,27
projects/projects.js,62,js,34f31eb7,clairewowo,2025-02-08,12:01:39,-08:00,2025-02-08T12:01:39-08:00,0,38
projects/projects.js,63,js,34f31eb7,clairewowo,2025-02-08,12:01:39,-08:00,2025-02-08T12:01:39-08:00,0,2
projects/projects.js,64,js,34f31eb7,clairewowo,2025-02-08,12:01:39,-08:00,2025-02-08T12:01:39-08:00,0,0
projects/projects.js,65,js,34f31eb7,clairewowo,2025-02-08,12:01:39,-08:00,2025-02-08T12:01:39-08:00,0,26
projects/projects.js,66,js,34f31eb7,clairewowo,2025-02-08,12:01:39,-08:00,2025-02-08T12:01:39-08:00,0,49
projects/projects.js,67,js,68339eaf,clairewowo,2025-02-08,12:15:29,-08:00,2025-02-08T12:15:29-08:00,0,24
projects/projects.js,68,js,34f31eb7,clairewowo,2025-02-08,12:01:39,-08:00,2025-02-08T12:01:39-08:00,0,7
projects/projects.js,69,js,34f31eb7,clairewowo,2025-02-08,12:01:39,-08:00,2025-02-08T12:01:39-08:00,0,80
projects/projects.js,70,js,34f31eb7,clairewowo,2025-02-08,12:01:39,-08:00,2025-02-08T12:01:39-08:00,0,26
projects/projects.js,71,js,34f31eb7,clairewowo,2025-02-08,12:01:39,-08:00,2025-02-08T12:01:39-08:00,0,83
projects/projects.js,72,js,34f31eb7,clairewowo,2025-02-08,12:01:39,-08:00,2025-02-08T12:01:39-08:00,0,57
projects/projects.js,73,js,68339eaf,clairewowo,2025-02-08,12:15:29,-08:00,2025-02-08T12:15:29-08:00,0,32
projects/projects.js,74,js,34f31eb7,clairewowo,2025-02-08,12:01:39,-08:00,2025-02-08T12:01:39-08:00,0,0
projects/projects.js,75,js,34f31eb7,clairewowo,2025-02-08,12:01:39,-08:00,2025-02-08T12:01:39-08:00,0,2
projects/projects.js,76,js,34f31eb7,clairewowo,2025-02-08,12:01:39,-08:00,2025-02-08T12:01:39-08:00,0,2
projects/projects.js,77,js,34f31eb7,clairewowo,2025-02-08,12:01:39,-08:00,2025-02-08T12:01:39-08:00,0,0
projects/projects.js,78,js,34f31eb7,clairewowo,2025-02-08,12:01:39,-08:00,2025-02-08T12:01:39-08:00,0,0
projects/projects.js,79,js,efcbc57d,clairewowo,2025-02-06,23:55:44,-08:00,2025-02-06T23:55:44-08:00,0,0
projects/projects.js,80,js,efcbc57d,clairewowo,2025-02-06,23:55:44,-08:00,2025-02-06T23:55:44-08:00,0,0
projects/projects.js,81,js,34f31eb7,clairewowo,2025-02-08,12:01:39,-08:00,2025-02-08T12:01:39-08:00,0,33
projects/projects.js,82,js,34f31eb7,clairewowo,2025-02-08,12:01:39,-08:00,2025-02-08T12:01:39-08:00,0,0
projects/projects.js,83,js,34f31eb7,clairewowo,2025-02-08,12:01:39,-08:00,2025-02-08T12:01:39-08:00,0,59
projects/projects.js,84,js,34f31eb7,clairewowo,2025-02-08,12:01:39,-08:00,2025-02-08T12:01:39-08:00,0,24
projects/projects.js,85,js,34f31eb7,clairewowo,2025-02-08,12:01:39,-08:00,2025-02-08T12:01:39-08:00,0,49
projects/projects.js,86,js,efcbc57d,clairewowo,2025-02-06,23:55:44,-08:00,2025-02-06T23:55:44-08:00,0,0
projects/projects.js,87,js,34f31eb7,clairewowo,2025-02-08,12:01:39,-08:00,2025-02-08T12:01:39-08:00,0,14
projects/projects.js,88,js,34f31eb7,clairewowo,2025-02-08,12:01:39,-08:00,2025-02-08T12:01:39-08:00,0,26
projects/projects.js,89,js,34f31eb7,clairewowo,2025-02-08,12:01:39,-08:00,2025-02-08T12:01:39-08:00,0,28
projects/projects.js,90,js,34f31eb7,clairewowo,2025-02-08,12:01:39,-08:00,2025-02-08T12:01:39-08:00,0,30
projects/projects.js,91,js,34f31eb7,clairewowo,2025-02-08,12:01:39,-08:00,2025-02-08T12:01:39-08:00,0,36
projects/projects.js,92,js,34f31eb7,clairewowo,2025-02-08,12:01:39,-08:00,2025-02-08T12:01:39-08:00,0,60
projects/projects.js,93,js,34f31eb7,clairewowo,2025-02-08,12:01:39,-08:00,2025-02-08T12:01:39-08:00,0,29
projects/projects.js,94,js,34f31eb7,clairewowo,2025-02-08,12:01:39,-08:00,2025-02-08T12:01:39-08:00,0,2
projects/projects.js,95,js,efcbc57d,clairewowo,2025-02-06,23:55:44,-08:00,2025-02-06T23:55:44-08:00,0,0
projects/projects.js,96,js,efcbc57d,clairewowo,2025-02-06,23:55:44,-08:00,2025-02-06T23:55:44-08:00,0,0
projects/projects.js,97,js,34f31eb7,clairewowo,2025-02-08,12:01:39,-08:00,2025-02-08T12:01:39-08:00,0,50
projects/projects.js,98,js,34f31eb7,clairewowo,2025-02-08,12:01:39,-08:00,2025-02-08T12:01:39-08:00,0,58
projects/projects.js,99,js,34f31eb7,clairewowo,2025-02-08,12:01:39,-08:00,2025-02-08T12:01:39-08:00,0,51
projects/projects.js,100,js,34f31eb7,clairewowo,2025-02-08,12:01:39,-08:00,2025-02-08T12:01:39-08:00,0,57
projects/projects.js,101,js,34f31eb7,clairewowo,2025-02-08,12:01:39,-08:00,2025-02-08T12:01:39-08:00,0,32
projects/projects.js,102,js,34f31eb7,clairewowo,2025-02-08,12:01:39,-08:00,2025-02-08T12:01:39-08:00,0,2
projects/index.html,1,html,a6f4e935,clairewowo,2025-01-09,18:17:24,-08:00,2025-01-09T18:17:24-08:00,0,5
projects/index.html,2,html,79f8b8d8,clairewowo,2025-01-31,14:23:44,-08:00,2025-01-31T14:23:44-08:00,0,22
projects/index.html,3,html,ecef5e44,clairewowo,2025-02-12,10:47:38,-08:00,2025-02-12T10:47:38-08:00,0,0
projects/index.html,4,html,763e945c,clairewowo,2025-01-10,15:08:44,-08:00,2025-01-10T15:08:44-08:00,0,5
projects/index.html,5,html,ecef5e44,clairewowo,2025-02-12,10:47:38,-08:00,2025-02-12T10:47:38-08:00,0,51
projects/index.html,6,html,ecef5e44,clairewowo,2025-02-12,10:47:38,-08:00,2025-02-12T10:47:38-08:00,0,48
projects/index.html,7,html,3f0cad2d,clairewowo,2025-01-10,21:26:33,-08:00,2025-01-10T21:26:33-08:00,0,42
projects/index.html,8,html,763e945c,clairewowo,2025-01-10,15:08:44,-08:00,2025-01-10T15:08:44-08:00,0,6
projects/index.html,9,html,52acb22b,clairewowo,2025-01-24,22:59:33,-08:00,2025-01-24T22:59:33-08:00,0,0
projects/index.html,10,html,ecef5e44,clairewowo,2025-02-12,10:47:38,-08:00,2025-02-12T10:47:38-08:00,0,30
projects/index.html,11,html,34f31eb7,clairewowo,2025-02-08,12:01:39,-08:00,2025-02-08T12:01:39-08:00,0,0
projects/index.html,12,html,34f31eb7,clairewowo,2025-02-08,12:01:39,-08:00,2025-02-08T12:01:39-08:00,0,0
projects/index.html,13,html,34f31eb7,clairewowo,2025-02-08,12:01:39,-08:00,2025-02-08T12:01:39-08:00,0,22
projects/index.html,14,html,34f31eb7,clairewowo,2025-02-08,12:01:39,-08:00,2025-02-08T12:01:39-08:00,0,61
projects/index.html,15,html,34f31eb7,clairewowo,2025-02-08,12:01:39,-08:00,2025-02-08T12:01:39-08:00,0,23
projects/index.html,16,html,c90e7a7b,clairewowo,2025-01-17,14:40:03,-08:00,2025-01-17T14:40:03-08:00,0,5
projects/index.html,17,html,34f31eb7,clairewowo,2025-02-08,12:01:39,-08:00,2025-02-08T12:01:39-08:00,0,5
projects/index.html,18,html,34f31eb7,clairewowo,2025-02-08,12:01:39,-08:00,2025-02-08T12:01:39-08:00,0,16
projects/index.html,19,html,34f31eb7,clairewowo,2025-02-08,12:01:39,-08:00,2025-02-08T12:01:39-08:00,0,12
projects/index.html,20,html,34f31eb7,clairewowo,2025-02-08,12:01:39,-08:00,2025-02-08T12:01:39-08:00,0,27
projects/index.html,21,html,34f31eb7,clairewowo,2025-02-08,12:01:39,-08:00,2025-02-08T12:01:39-08:00,0,32
projects/index.html,22,html,34f31eb7,clairewowo,2025-02-08,12:01:39,-08:00,2025-02-08T12:01:39-08:00,0,8
projects/index.html,23,html,34f31eb7,clairewowo,2025-02-08,12:01:39,-08:00,2025-02-08T12:01:39-08:00,0,27
projects/index.html,24,html,34f31eb7,clairewowo,2025-02-08,12:01:39,-08:00,2025-02-08T12:01:39-08:00,0,0
projects/index.html,25,html,34f31eb7,clairewowo,2025-02-08,12:01:39,-08:00,2025-02-08T12:01:39-08:00,0,0
projects/index.html,26,html,34f31eb7,clairewowo,2025-02-08,12:01:39,-08:00,2025-02-08T12:01:39-08:00,0,0
projects/index.html,27,html,34f31eb7,clairewowo,2025-02-08,12:01:39,-08:00,2025-02-08T12:01:39-08:00,0,0
projects/index.html,28,html,34f31eb7,clairewowo,2025-02-08,12:01:39,-08:00,2025-02-08T12:01:39-08:00,0,0
projects/index.html,29,html,36be4b46,clairewowo,2025-01-10,11:05:32,-08:00,2025-01-10T11:05:32-08:00,0,6
meta/index.html,1,html,1538e3a9,clairewowo,2025-02-12,10:29:19,-08:00,2025-02-12T10:29:19-08:00,0,5
meta/index.html,2,html,1538e3a9,clairewowo,2025-02-12,10:29:19,-08:00,2025-02-12T10:29:19-08:00,0,5
meta/index.html,3,html,1538e3a9,clairewowo,2025-02-12,10:29:19,-08:00,2025-02-12T10:29:19-08:00,0,42
meta/index.html,4,html,ecef5e44,clairewowo,2025-02-12,10:47:38,-08:00,2025-02-12T10:47:38-08:00,0,53
meta/index.html,5,html,1538e3a9,clairewowo,2025-02-12,10:29:19,-08:00,2025-02-12T10:29:19-08:00,0,6
meta/index.html,6,html,1538e3a9,clairewowo,2025-02-12,10:29:19,-08:00,2025-02-12T10:29:19-08:00,0,18
meta/index.html,7,html,1538e3a9,clairewowo,2025-02-12,10:29:19,-08:00,2025-02-12T10:29:19-08:00,0,12
meta/index.html,8,html,1538e3a9,clairewowo,2025-02-12,10:29:19,-08:00,2025-02-12T10:29:19-08:00,0,36
meta/index.html,9,html,1538e3a9,clairewowo,2025-02-12,10:29:19,-08:00,2025-02-12T10:29:19-08:00,0,6
contact/index.html,1,html,3f0cad2d,clairewowo,2025-01-10,21:26:33,-08:00,2025-01-10T21:26:33-08:00,0,14
contact/index.html,2,html,3f0cad2d,clairewowo,2025-01-10,21:26:33,-08:00,2025-01-10T21:26:33-08:00,0,15
contact/index.html,3,html,ecef5e44,clairewowo,2025-02-12,10:47:38,-08:00,2025-02-12T10:47:38-08:00,0,0
contact/index.html,4,html,763e945c,clairewowo,2025-01-10,15:08:44,-08:00,2025-01-10T15:08:44-08:00,0,5
contact/index.html,5,html,ecef5e44,clairewowo,2025-02-12,10:47:38,-08:00,2025-02-12T10:47:38-08:00,0,53
contact/index.html,6,html,a6f4e935,clairewowo,2025-01-09,18:17:24,-08:00,2025-01-09T18:17:24-08:00,0,22
contact/index.html,7,html,3f0cad2d,clairewowo,2025-01-10,21:26:33,-08:00,2025-01-10T21:26:33-08:00,0,42
contact/index.html,8,html,763e945c,clairewowo,2025-01-10,15:08:44,-08:00,2025-01-10T15:08:44-08:00,0,6
contact/index.html,9,html,52acb22b,clairewowo,2025-01-24,22:59:33,-08:00,2025-01-24T22:59:33-08:00,0,0
contact/index.html,10,html,36be4b46,clairewowo,2025-01-10,11:05:32,-08:00,2025-01-10T11:05:32-08:00,0,33
contact/index.html,11,html,c90e7a7b,clairewowo,2025-01-17,14:40:03,-08:00,2025-01-17T14:40:03-08:00,0,72
contact/index.html,12,html,c90e7a7b,clairewowo,2025-01-17,14:40:03,-08:00,2025-01-17T14:40:03-08:00,0,20
contact/index.html,13,html,36be4b46,clairewowo,2025-01-10,11:05:32,-08:00,2025-01-10T11:05:32-08:00,0,33
contact/index.html,14,html,c90e7a7b,clairewowo,2025-01-17,14:40:03,-08:00,2025-01-17T14:40:03-08:00,0,19
contact/index.html,15,html,36be4b46,clairewowo,2025-01-10,11:05:32,-08:00,2025-01-10T11:05:32-08:00,0,22
contact/index.html,16,html,c90e7a7b,clairewowo,2025-01-17,14:40:03,-08:00,2025-01-17T14:40:03-08:00,0,19
contact/index.html,17,html,36be4b46,clairewowo,2025-01-10,11:05:32,-08:00,2025-01-10T11:05:32-08:00,0,32
contact/index.html,18,html,c90e7a7b,clairewowo,2025-01-17,14:40:03,-08:00,2025-01-17T14:40:03-08:00,0,36
contact/index.html,19,html,c90e7a7b,clairewowo,2025-01-17,14:40:03,-08:00,2025-01-17T14:40:03-08:00,0,6
contact/index.html,20,html,c90e7a7b,clairewowo,2025-01-17,14:40:03,-08:00,2025-01-17T14:40:03-08:00,0,0
contact/index.html,21,html,a6f4e935,clairewowo,2025-01-09,18:17:24,-08:00,2025-01-09T18:17:24-08:00,0,0
contact/index.html,22,html,36be4b46,clairewowo,2025-01-10,11:05:32,-08:00,2025-01-10T11:05:32-08:00,0,6
